cleanTweets,sentiment,neg,neu,pos
We launch kindness campai n John Ma ee try et Costa ive free coffee every teacher country,positive,0.0,0.69,0.31
use link treat us xx Use Costa app like et bean start first purchase Costa handcrafted drink That halfway towards free one,positive,0.0,0.691,0.309
After release new video costa coffee empoyin costa coffee stocks plummeted,neutral,0.0,1.0,0.0
Costa Coffee Drive Thru Mecca,neutral,0.0,1.0,0.0
Never use Costa coffee shop always use local cafes far better value,positive,0.0,0.654,0.346
Eh need say orderin coffee Costa West coasters nae clue,neutral,0.0,1.0,0.0
COSTA COFFEE,neutral,0.0,1.0,0.0
A Costa coffee shop shuttin town woolworths shut way explain anywhere say stopped takin calls say I one needs help Your ry attemptin effect secret hobby,positive,0.071,0.827,0.102
customer costa rican coffee know read customer boss would fired ri ht well ood thin boss huh,negative,0.174,0.725,0.101
If people want coffee pub Nescafe Instant nothin Or Costa,positive,0.0,0.874,0.126
The breathtakin seaside escape Costa Smeralda bein celebrated eous volume Assouline,positive,0.0,0.625,0.375
Keena Costa She would make super cute little pastry cakes would also rarely work coffee know onna perfect coffee,positive,0.0,0.602,0.398
Costa sort burned caramel coffee ish flavour hits tastebuds Need three shots et coffee milk Same Starbucks prefer coffee taste I et,neutral,0.0,1.0,0.0
I lovely cooked breakfast B amp B mornin coffee beach stroll around town decided come home weather turned Stopped local hi h street drink free birthday bun Costa,positive,0.063,0.7,0.237
London I work ie coffee chains vs Welsh borders I live Black Sheep Nero Starbucks Costa Pret would cross street Welsh borders Coffee Number Errrr,positive,0.0,0.944,0.056
A quick coffee break Costa Coffee Al Farwaniyah,neutral,0.0,1.0,0.0
I put petrol mistake I otta diesel mp litre I reckon car runs EV day plus I otta sit services hour overpayin Costa crap coffee sommats indelible taste,negative,0.185,0.815,0.0
Italian Blend coffee delicious combination Costa Rican coffee offerin smooth Italian Roast richness w complements chocolaty characteristics found French Roast Order Now,positive,0.0,0.734,0.266
Havin coffee Costa kin stownretailparkpod heat awful apparently air conditionin broken year customers complain mana ement nothin It like sittin reenhouse Food wasted due heat dis ustin,negative,0.325,0.606,0.069
Starbucks UK rewards system crappy individuals attitude You spend earn free coffee Costa et freebie every drinks matter much first cost,positive,0.12,0.535,0.344
Hello coffee lovers Join Gourmet Costa Rican Coffee Tastin Booth D partake exclusive Cost Rican coffee tastin experience click link make appointment us see IMEX Frankfurt,positive,0.0,0.756,0.244
Costa coffee caf,neutral,0.0,1.0,0.0
It effin awful Welp uess money saved Cause I NOT onna est hot arba e servin I ot authentic bold Costa Rican coffee peekin cupboard,negative,0.212,0.606,0.182
The initial application last year refused,negative,0.306,0.694,0.0
I need et Costa Coffee I try bubble tea inspired frappes,positive,0.0,0.714,0.286
Supermarket iant Morrison awaitin outcome appeal refusal plannin application build drive thru coffee facility,neutral,0.0,1.0,0.0
Like beans et low hopper order Costa Rica Tarrazu San Die beans Quinnin Coffee,negative,0.308,0.564,0.128
Supermarket iant Morrison awaitin outcome appeal refusal plannin application build drive thru coffee facility,neutral,0.0,1.0,0.0
Supermarket iant Morrison awaitin outcome appeal refusal plannin application build drive thru coffee facility,neutral,0.0,1.0,0.0
Costa app invite code free coffee cake,positive,0.0,0.505,0.495
Ostres No sabia que Costa Coffee havia desapare ut de Barcelona Hi anava molt sovint Ima ino que van tancar per la covid coses aquestes oi I el Sandwichez diferent per sempre ha semblat ms bo No et preocupis pel nom Ho deia com una curiositat,negative,0.09,0.861,0.049
think costa coffee sells lot coffee think employees watched minutes prelimanary videos,neutral,0.0,1.0,0.0
Costa Coffee ja existeix Barcelona al Sandwichez tenen opcions de caf assembla massa al que fa Starbucks Per ja saps que tamb rada Em sap reu que et posessin malament el nom ades depn molt de cada establiment,neutral,0.0,1.0,0.0
Para eso vas al Sandwichez al Costa Coffee por poner al unos ejemplos que los hacen mejores encima son ms baratos Ir al Starbucks se resume en que te pronuncian mal el nombre la ltima vez llamaron Crls en que te sablen xD,positive,0.0,0.917,0.083
Rainy wellbein lunch hour toss Costa Coffee canal walk Canal walk,negative,0.115,0.885,0.0
I jokin I like coffee I always et coffee put costa coolers,positive,0.0,0.762,0.238
true coffee sucks costa coolers r kinda oated,positive,0.243,0.485,0.272
costa coffee better,positive,0.0,0.408,0.592
Costa coffee caf,neutral,0.0,1.0,0.0
Tassimo Costa Cappuccino Coffee Pods Packs Drinks,neutral,0.0,1.0,0.0
O que vai salvar Portu al le alizar coffee shops como na Holanda le alizao jo maioria da Europa e le alizar prostituio Holanda novamente Ima ina linha da costa da Nazar em construo Casino coffe shop bordel sol e praia Em repeat,neutral,0.0,1.0,0.0
costa coffee rn ban er ty recommendation,negative,0.321,0.446,0.232
nuts volume cars urban areas oh countryside easy way stop scrap financin cars walk et Costa Coffee rather drive,negative,0.192,0.684,0.124
Can believe tea Costa Coffee Pretty sure lon,positive,0.0,0.522,0.478
Usin Costa Starbucks office makes sense Coffees much cheaper rent I cash flowin multi millionaire friend owns ruined castle turnin hotel rent office He sits laptop iphones coffee shop makes money,neutral,0.09,0.816,0.093
Better stay Costa Coffee,positive,0.0,0.508,0.492
We deli hted results newly refurbished Costa Coffee store St Austell,neutral,0.0,1.0,0.0
Jj je tam,positive,0.0,0.5,0.5
COSTA COFFEE,neutral,0.0,1.0,0.0
The London nei hbourhood bein reverse entrified Costa coffee shops replaced kebab takeaways empty buildin,negative,0.114,0.886,0.0
wow loads Here ood one kick start day There also Costa Foundation Kenco reat Coffee vs Gan campai n,positive,0.0,0.817,0.183
someone taken shoes costa public coffee shop scared,negative,0.293,0.707,0.0
Rhythm Bone Costa Coffee Erdin ton Thursday th May music starts pm,neutral,0.0,1.0,0.0
When say Tassimo coffee pods left office called pal declares business continuity emer ency ives I even Good job Costa campus,positive,0.0,0.868,0.132
We think treat,positive,0.0,0.426,0.574
Italian Blend coffee delicious combination Costa Rican coffee offerin smooth Italian Roast richness w complements chocolaty characteristics found French Roast Order Now,positive,0.0,0.734,0.266
Sat Costa Trinity centre Leeds tryin enjoy coffee amp couple near amp I think bloke tryin convert Christianity It takes sorts,positive,0.0,0.856,0.144
idea coffee barista jokin fully said remember fact costa card,neutral,0.0,1.0,0.0
Summer arrived Costa Coffee new whipped coffee ran e Choose Caramel Vanilla Chocolate store,neutral,0.0,1.0,0.0
Wtf happened costa coffee prices KD cold brew ridiculous Coffee industry profit mar ins absolute dayli ht robbery,negative,0.26,0.62,0.12
There Now I show phone Costa Coffee barista I shout FAT WHITE,neutral,0.0,1.0,0.0
Con ratulations Costa Coffee Holroyd Howe St James School Echelforde Home rated food hy iene inspection,neutral,0.0,1.0,0.0
POV busy important man waitin bifta smokin millennial barista Costa Coffee prepare fat white,positive,0.0,0.878,0.122
No idea I never made drunk latte life mostly I like coffee Does I think I ever held anyone orderin latte ahead Yeah Costa Nero Starbucks subsistence level coffee We plenty ood indepedents,positive,0.065,0.737,0.198
Isn bit unfair I mean publicity shots The media people chose wide appeal There place homo eny It soothes people Like cup Costa coffee tad less interestin,negative,0.105,0.811,0.084
Ok makes latte fancy amp time consumin UK espresso based coffees Genuine question Still waitin answer ettin hysteria sayin home best coffee I lived UK amp yes ood ICSs Costa amp Nero,positive,0.074,0.692,0.233
Ok makes latte fancy amp time consumin UK espresso based coffees Genuine question Still waitin answer ettin hysteria sayin home best coffee I lived UK amp yes ood ICSs Costa amp Nero,positive,0.074,0.692,0.233
ood mornin happy wednesday mornin coffee home costa shoppin job search,positive,0.0,0.73,0.27
POV Your coffee flask brou ht home watchin accept Costa coffee order collea ue,positive,0.0,0.833,0.167
COSTA COFFEE,neutral,0.0,1.0,0.0
Enjoyin cup La La una Community Lot Tarrazu Costa Rica producin families work ether produce ba excellent quality coffee annually Tastin notes sweet floral peach amp pear juice caramel milk chocolate Order,positive,0.0,0.817,0.183
Why Costa coffee shops areas Am I missin somethin,neutral,0.0,1.0,0.0
Wetherspoons always winner fish chips also typically Kopperber Cider Blackcurrant Mixed Fruits Sweden That Costa Coffee ood,positive,0.0,0.808,0.192
Yummmm Costa Coffee,neutral,0.0,1.0,0.0
beena petty tips boycottin companies reject fuck u costa ur coffee shit anyways,negative,0.592,0.408,0.0
Rasanya kopi yan aku buat ni la stron dari costa coffee punya mesin kopi ni Stron dimaksudkan ni adalah feelin heavy,neutral,0.0,1.0,0.0
Milli ram Coffee Kitchen one number newly branded boutiques shops Paseo formerly Plaza Sereno Costa Mesa,positive,0.0,0.92,0.08
I Philz Coffee Costa Mesa CA,neutral,0.0,1.0,0.0
Mr Mike lookin like cool cat Come say hi rabbin favorite beans et coffee Hot Costa Rica Coconut Cream Ice,positive,0.0,0.685,0.315
I call apon beautiful lorious country Costa Rica infuse coffee much caffeine takes keep alive toni ht tommorow,positive,0.0,0.698,0.302
Starbucks Costa Coffee Which stron est caffeine hit Al Jazeera En lish,neutral,0.0,1.0,0.0
Costa coffee doin bubble teas,positive,0.0,0.755,0.245
Now till May Costa Coffee London Almond Drinks Promotion Click link details Help retweet Follow us promo,positive,0.0,0.856,0.144
SICK MADNESS Ahmad Are surprised iven doctor sur eon NHS responsible lookin sick fast food outlets McDonald Bur er Kin Gre Costa Coffee operatin UK hospitals,negative,0.303,0.581,0.116
,neutral,0.0,0.0,0.0
You oo le UK Hospitals fast food outlets McDonalds Bur er Kin Gre amp Costa I web archive one Daily Mail deleted pa e,neutral,0.0,1.0,0.0
No Costa Coffee,negative,0.524,0.476,0.0
I place I seek political advice coffee Since Coca Cola Costa I either I inclination less white Bud li ht reat example companies stay fuck unrelated political commentary,negative,0.132,0.868,0.0
Costa Coffee Supervisor What doin We currently recruitin dedicated Costa Coffee Supervisor help ensure smooth runnin operations,positive,0.0,0.628,0.372
The Costa Rica Pura Vida Lifestyle Podcast Series The Coffee Baron Dream Mansion Barrio Amon Episode,positive,0.0,0.882,0.118
The Costa Rica Pura Vida Lifestyle Podcast Series The Coffee Baron Dream Mansion Barrio Amon Episode,positive,0.0,0.882,0.118
Meanwhile ar Costa coffee quite ender front,neutral,0.0,1.0,0.0
buildin owned Costa leakin roof amp water runnin counter amp electrical equipment So much staff customer safety consideration There Costa inside Tesco mins away DT disability accessibility coffee vital,positive,0.0,0.844,0.156
COCONUT COCO ICED COFFEE JACO BEST ICED COFFEES World Famous Costa Rica OVER DIFFERENT GOURMET BURGERS Ph amp Whatsapp Order Now Or Download Our Apps Android Or Apple,positive,0.0,0.846,0.154
Earlier Costa I saw uy holdin coffee tenderly speakin soothin ly I appreciate relate,positive,0.0,0.497,0.503
Club Ni ht Monday th May pm Our club ni ht Monday th May pm fish chip ride Brixham Harbour TQ TW ratitude sinkhole overhaul The ride led Kevin Moorey We leave Costa Coffee Marsh Mills Plymouth PL LX pm,negative,0.03,0.97,0.0
Make sure visit stand Friday th May chance win costa coffee voucher,positive,0.0,0.526,0.474
Summer arrived Costa Coffee new whipped coffee ran e Choose Caramel Vanilla Chocolate,neutral,0.0,1.0,0.0
Costa Coffee Lo Hawaiian Shirt And Shorts EmonShop Only Buy Now net Coffee,neutral,0.0,1.0,0.0
You norant think men violent Boardrooms public places access Costa Coffee wherever way comparable,negative,0.231,0.769,0.0
We back opportunity win monthly prizes We ivin one lucky winner Costa Coffee Gift Card worth To win must ta us May project installation posts usin entered month prize draw,positive,0.0,0.428,0.572
Or delicious Mossy Rock Coffee Costa Rica K cups,positive,0.0,0.654,0.346
Hello Could please tell complaints procedure Costa I prepared believe I spoken mana er one local Costa coffee shops X,positive,0.129,0.67,0.201
Take coffee journey discover Costa Rica valuable export one barista instructors Learn varieties coffee ways prepare enhance flavor profile sample favorites beans country ei ht coffee ions,positive,0.0,0.809,0.191
And better one Costa coffee machines,positive,0.0,0.633,0.367
Thank notes Costa Rican coffee Malaysian tea beautiful E yptian papyrus paint I feel lucky rateful I learned received semester wonderful students,positive,0.0,0.538,0.462
Summer arrived Costa Coffee new whipped coffee ran e Choose Caramel Vanilla Chocolate Visit Costa Coffee upper floor Grand Arcade,positive,0.0,0.857,0.143
To say least We never know one wants treat like better find educated non violent non screamin way tellin ri ht maybe stop drinkin coffee Costa pret man er nearby,positive,0.156,0.638,0.207
Costa Rica superb wild life coffee,positive,0.0,0.549,0.451
Ripenin coffee cherries Tarraz rowin ion Costa Rica ori Guanacaste Core Coffee We proud offer Guanacaste store RPM SC CTI NJ Green Room Annex Hit link learn,positive,0.0,0.893,0.107
For otten nice Costa soya mocha coffee tiffin Well almost birthday heck,positive,0.0,0.671,0.329
Get quote Police Mutual Car Insurance May rab treat us Choose e ift card one Sainsbury Gre Costa Coffee Find,positive,0.0,0.87,0.13
Starbucks coffee awful costa Nero Prefer smaller coffee shops sell ood coffee,negative,0.214,0.786,0.0
Cant wait land birmin ham buy overpriced coffee airport costa like feel like make happier many ways rn,positive,0.0,0.641,0.359
Well Lobby overnment instead sycophantic social media Government mana e fundin services country Kin whose coronation cost us less medium latte Costa Coffee Stop moanin et back CrimLaw No crime,negative,0.225,0.684,0.091
Day amp Paradise Our roup experienced Selvatura Park Cloud Forest Treetop Walkway Suspension Brid e Carribean Sloth Sanctuary Butterfly Gardens amp Don Juan Coffee Tour experienced firsthand tradition rowin coffee Costa Rica,positive,0.0,0.877,0.123
actual lastname costa always tricks rememberin whole coffee chain,negative,0.158,0.842,0.0
costas creamin money new delhi bbc pod cast please,positive,0.0,0.777,0.223
every office worker thinks woo bank holiday reat open supermarket et costa coffee maybe mcdonalds without realisin people work serve,positive,0.0,0.756,0.244
I suspect lot nepotism Alberta unscrupulous climbers found easier break journalism via conservative publications Costa Swift etc instead bein one eneric aspirin journos clawin spot fetch coffee mainstream outlet,positive,0.069,0.786,0.145
Midday snack Costa Coffee Yate,neutral,0.0,1.0,0.0
Use Costa app like et bean start first purchase Costa handcrafted drink That halfway towards free one,positive,0.0,0.721,0.279
The worst thin ever happen move near costa drive thru Just took son nursery I et latte ot errands I et coffee It like car oes automatically,negative,0.139,0.777,0.084
dau hter placed order app arrive Costa Coffee shop closed How et money back able place order shop closed,neutral,0.0,1.0,0.0
Summer arrived Costa Coffee new whipped coffee ran e Choose Caramel Vanilla Chocolate,neutral,0.0,1.0,0.0
My local pharmacy replaced Costa coffee shop,neutral,0.0,1.0,0.0
First day back Bank Holiday weekend calls iced coffee Costa,positive,0.0,0.769,0.231
Coffee shop rankin Costa Nero Starbucks Pret Prove otherwise,neutral,0.0,1.0,0.0
Next Harlesden amp Kensal Green Police Contact Point COSTA COFFEE Harlesden noon Come see us,neutral,0.0,1.0,0.0
Summer arrived Costa Coffee new whipped coffee ran e Choose Caramel Vanilla Chocolate,neutral,0.0,1.0,0.0
Costa Starbucks Nero competition Not McDonald Bur er Kin KFC iconic without coffee,neutral,0.0,1.0,0.0
man costa ordered iced espresso immediately came back ask refund stron know coffee would taste like men make sad help,positive,0.123,0.672,0.206
Our Costa Coffee stores busy Bank Holiday weekend Kin Coronation launch summer campai n,positive,0.0,0.816,0.184
Elijah Wood Costa Coffee I thou ht packed What thinkin,neutral,0.0,1.0,0.0
costa coffee,neutral,0.0,1.0,0.0
Great little venue costa coffee,positive,0.0,0.494,0.506
Coffee best shared Ta Costa lovin friend comments head try new summer drinks,positive,0.0,0.505,0.495
Costa lotta notta lotta Genuinely thou h coffee Costa shit The hot chocolates coolers ood,negative,0.217,0.783,0.0
Summer arrived Costa Coffee new whipped coffee ran e Choose Caramel Vanilla Chocolate,neutral,0.0,1.0,0.0
CCD CCD Cafe Mocha Starbucks Barista Costa Coffee Brewberry,neutral,0.0,1.0,0.0
Hey I want assure animal welfare key priority Costa Coffee We reco nise responsibility work suppliers also committed best practice animal welfare mana ement support continuous improvement standards,positive,0.0,0.572,0.428
Perhaps ulators need stop non medics It alarmin poppin like Costa coffee shops Should MEDIC ONLY Like country,positive,0.099,0.676,0.225
COSTA COFFEE,neutral,0.0,1.0,0.0
I love Costa Salted Caramel Frostino extra shot I supposed quitin caffeine workin well I one coffee day I quit Cherry Pepsi Max hard,positive,0.057,0.688,0.255
Tuesdays call treats And Costa Coffee new Blueberry Bubble Frapp Lovely bubbly,positive,0.0,0.743,0.257
Have wran led takin Dr AB car shop leakin tyre The Halfords bein hella cheeky offerin coffee Costa machine ot buy,neutral,0.0,1.0,0.0
Use Costa app like et bean start first purchase Costa handcrafted drink That halfway towards free one,positive,0.0,0.721,0.279
Feelin ood Tuesday It lon drive York Costa coffee tunes feel ood Start ban tune,negative,0.205,0.795,0.0
Costa coffee referral,neutral,0.0,1.0,0.0
Whatever weather Summer Costa Coffee covered announces bumper new Summer menu Find Costa upper round floor Chantry Place,neutral,0.0,1.0,0.0
Summer arrived Costa Coffee new whipped coffee ran e Choose Caramel Vanilla Chocolate,neutral,0.0,1.0,0.0
Con un cafe del costa coffee lo amo,neutral,0.0,1.0,0.0
Are ready coffee catch fabulous women Denia Join us Costa Women coffee mornin Thursday th May noon Fue Bar small Marina Denia There free parkin around marina par,positive,0.0,0.678,0.322
Can please stop usin Airbnb synonym Self Carerin It like sayin Costa Coffee quite disin enuous As community You see backed le al challen e ainst council If ECC scheme istration,positive,0.065,0.762,0.173
COSTA COFFEE,neutral,0.0,1.0,0.0
I Costa Coffee Kuwait Hawalli Governorate,neutral,0.0,1.0,0.0
,neutral,0.0,0.0,0.0
Sippin Clickin Movin Vkey loves explore streets camera Costa Coffee Where coffee take,positive,0.0,0.764,0.236
COSTA COFFEE,neutral,0.0,1.0,0.0
I think stron sense bias b countries ardless race For instance I Costa Rican coworker fully indi enous Bribri Cabecar amp yet despite frequent racism faced extremely racist ainst mi rant Nicara uan coffee pickers,negative,0.205,0.711,0.084
Costa coffee,neutral,0.0,1.0,0.0
COSTA COFFEE,neutral,0.0,1.0,0.0
Tully coffee Costa Rica,neutral,0.0,1.0,0.0
But people Costa Rica et coffee He Brews,neutral,0.0,1.0,0.0
Don Starbucks coffee crap always tastes burnt Don worry I Costa priced shit Brew,negative,0.476,0.524,0.0
Shit coffee anyway Much nicer Costa oh pay uk tax,negative,0.336,0.47,0.195
Tassimo Costa Caramel Latte Coffee Pods Packs Drinks,neutral,0.0,1.0,0.0
Dishwater Really I drink black coffee find coffee far stron like drinkin molten tar I like pret costa fact anywhere filter,positive,0.0,0.773,0.227
I costa coffee laptop every day write couple hours Different walls know work Unfortunately next supermarket,negative,0.146,0.854,0.0
I like Coffee Costa better,positive,0.0,0.27,0.73
Starbucks min anyway Every one I needs ood scrub coffee weak piss Costa far superior Starbucks keep woke enda,negative,0.232,0.622,0.145
Yes fairness nobody oin Gre coffee It like oin Starbucks Costa complainin shortbread biscuits,positive,0.0,0.698,0.302
Ima ine walkin Costa coffee,neutral,0.0,1.0,0.0
I think lot clubs route open eyes Costa Starbucks coffee shop actually offers without full kitchen copyin bad shout Realistically us want pint bacon sarnie,negative,0.131,0.821,0.049
Thank My Brother My Birthday Celebration Costa Coffee Thankyou A My Brother Barrister Hallar Manzoor Wasan,positive,0.0,0.848,0.152
Postin photos costa coffee uncle Paul told Die si nin,negative,0.302,0.698,0.0
Why would want Costa Coffee cup show,positive,0.0,0.822,0.178
Just Costa et better coffee,positive,0.0,0.58,0.42
So avoid coffee I Costa,negative,0.454,0.546,0.0
If I money I would show coffee Call Coffee Battles Like Bakin shows coffee Turkey vs Brazil Costa Rica vs Columbia ect Every nation must present amp provides best coffee,positive,0.076,0.729,0.195
look photos people coffees costa starbucks want demolish look damn ood cruelly ironic love smell coffee absolutely hate taste,negative,0.393,0.426,0.18
TRADITIONAL TRADICIONAL ICED COFFEE World Famous Costa Rica Jaco Top Restaurant OVER DIFFERENT GOURMET BURGERS Ph amp Whatsapp Order Now Or Apps Android Or Apple,positive,0.0,0.93,0.07
Coffee rated Tim Horton Nero Costa Muffin Break Marks Spencer Gre Pret A Man er Starbucks Tesco If enjoyed tweet please consider buyin coffee Thanks,positive,0.0,0.712,0.288
Nice Kim coffee Gets bit irksome third fourth time branch Why Because I Kym year old bloke So yes lot truth say nothin So avoid embarrassment I Costa,positive,0.162,0.6,0.239
I trans person local Costa Coffee say I ordered drink public really piin today I anythin annoy person I felt unwelcome Seems thin er loathin crowd,negative,0.219,0.781,0.0
looks like Costa servin coffee today,positive,0.0,0.667,0.333
What better cold coffee durin hot day,positive,0.0,0.674,0.326
roastin costa rica la minita estate one renowned coffee estates world,neutral,0.0,1.0,0.0
Go Costa Nero instead better coffee better customer service amp idiots askin name write paper cup,positive,0.0,0.707,0.293
Which one want try,positive,0.0,0.698,0.302
Share career path ames industry Passen er Service A ent Airport Fli ht Dispatcher Airport Barista Costa Coffee All illustratin free time I could improve become somethin Art Director,positive,0.0,0.741,0.259
The menu available,neutral,0.0,1.0,0.0
The menu available,neutral,0.0,1.0,0.0
It cost Costa puts si n outside sayin OUR COFFEE COSTS YOU MORE THAN THE CORONATION,neutral,0.0,1.0,0.0
Ori inally one costa even worse drink coffee,negative,0.307,0.693,0.0
Costa coffee,neutral,0.0,1.0,0.0
pur atory costa coffee ever plays Taylor swift,positive,0.0,0.612,0.388
If like coffee avoid Starbucks,positive,0.286,0.39,0.325
Costa Coffee,neutral,0.0,1.0,0.0
TLDR The country fallin apart people drinkin coffee Costa instead Debenhams,neutral,0.0,1.0,0.0
She use Costa coffee cup tied around neck rest end cheatin really,neutral,0.0,1.0,0.0
I et hot chocolate mostly I idea coffee otherwise lol Yes I still call Costa Coffee even actual coffee cup,positive,0.0,0.732,0.268
Take look two data visuals made article It Breaks My Heart Costa Rica Coffee Communities Challen ed The Central American country ettin hotter receivin erratic rainfall,neutral,0.0,1.0,0.0
COSTA COFFEE,neutral,0.0,1.0,0.0
The matchin coffee cup keyboard everythin What GO Costa order,neutral,0.0,1.0,0.0
Can wait try,neutral,0.0,1.0,0.0
really nice professional employees Looks like I oin costa coffee,positive,0.0,0.556,0.444
Mula mcm nk bebai tin al Costa coffee tu Tapi dah dpt urut amp lotion calamine tempat merenyam Zul im okay ive n take Y sweet n ood kita simpan Sebb Allah nampak Tak perlu nampak,positive,0.0,0.864,0.136
Brewin fresh coffee fixna day today Caf crack Bustelo Costa Rican Britt coffee stick cinnamon Nestl chocolate su ar cream Let et,positive,0.0,0.901,0.099
There starbucks near I occasionally et costa coffee Sometimes hard et free seat,positive,0.095,0.68,0.224
Brewin fresh coffee fixna day today Cafe crack Bustelo Costa Rican Britt coffee stick cinnamon Nestl chocolate su ar cream Let et,positive,0.0,0.901,0.099
Brewin fresh coffee fixna day today Cafe crack Bustamante Costa Rican Britt coffee stick cinnamon Nestl chocolate su ar cream Let et,positive,0.0,0.901,0.099
Costa much better coffee anyway Starbucks min Wish I lived closer I rock alon rest amp adopt name Karen day,positive,0.0,0.673,0.327
amanh h vamos receber Juliete Costa aluna de doutorado aqui PPGE IB USP para contar um pouco da sua pesquisa pra ente Ela vai apresentar uma prvia da sua qualificao Bora l contribuir com essa pesquisa e aproveitar um delicioso coffee break,neutral,0.0,1.0,0.0
like burn coffee imo costa Starbucks worst iced coffee tho,negative,0.281,0.548,0.171
oin write ethno raphic paper lon itudinal study researchin fact comes understandin bathrooms work costa coffee customers rocks skulls instead brains,neutral,0.0,1.0,0.0
Costa Coffee London Almond Mocha London Almond Hot Chocolate Limited Deals,negative,0.16,0.84,0.0
NEU Promoter innen fr Uni Samplin Mai Koblenz Wir suchen Dich als Promoter w fr das Uni Samplin fr Fuzetea und Costa Coffee Mai Koblenz Mehr Infos,neutral,0.0,1.0,0.0
Stoppin Shell SELECT means rabbin somethin My favorites pastries DeliGo amp coffee upsize course Costa Coffee At time I et collect points usin BLINK App,positive,0.0,0.891,0.109
A reed My wife felt ill last hot drinks Starbucks coffee service Costa much better,neutral,0.158,0.678,0.164
No bomba Jutro bd w costa coffee w zotych tarasach jaki kozak internetowy chcia si spotka ale czuj w kociach e nie przyjdziesz Moesz wej w je buty,negative,0.091,0.909,0.0
meal kin mate Costa Coffee,neutral,0.0,1.0,0.0
Cos none taste like coffee Nah havin barfed cappuccino I hardly oin risk anythin else It Costa every time,negative,0.262,0.738,0.0
Cherry cordial ripe papaya dark cocoa A new Carbonic Maceration process Costa Rican coffee released pre order ReAnimator,neutral,0.0,1.0,0.0
Midday snack Costa Coffee Kin schase Kin swood,neutral,0.0,1.0,0.0
Not easy I live UK I Costa coffee shop employee appears like man dresses like women man like women dress man trans woman woman trans man,positive,0.08,0.669,0.251
To Costa sit writin next ame nice atmosphere cup coffee I like,positive,0.0,0.629,0.371
Sat havin coffee local Costa I oin drink quick For inexplicable reason whenever I visit local Costas air conditionin blowin ale I fed uncomfortable draft Not even like hot day,negative,0.159,0.841,0.0
mam w pracy kawe pracownicza ale co z te skoro jest ona z costa coffee,neutral,0.0,1.0,0.0
Leicester Square Costa Coffee Told voucher I ordered said fine ordered decided take,positive,0.0,0.859,0.141
This may Costa Coffee Starbucks Barista berates customer mis enderin assaultin onlooker,neutral,0.0,1.0,0.0
When crap outside road beat coffee paperwork,negative,0.302,0.698,0.0
Lol I I work chief taster Costa round shops testin cake n coffee,positive,0.0,0.763,0.237
Wait sponsor Mermaids Definitely oin How Costa Don really coffee shops much anyway ood know thin,positive,0.0,0.847,0.153
The coffee cart work closed Bank Holiday I Costa mile way rain And caramel syrup I mean fuckin point If I pour Starbucks cup I try amp pretend,positive,0.054,0.843,0.103
Twitter COSTA COFFEE,neutral,0.0,1.0,0.0
Never Starbucks Costa McDonalds understand people rave Plenty independent coffee shops need custom,neutral,0.0,1.0,0.0
costa iced coffee ass,negative,0.538,0.462,0.0
Costa Coffee launched new menu summer food drinks available,positive,0.0,0.842,0.158
Out eous brother happy bank holiday,positive,0.0,0.385,0.615
I tend Costa iven choice Starbucks ood lon journey You et massive cup coffee lasts ood hour You pay havin stop sooner thou h oes must come,negative,0.135,0.865,0.0
Coffee shops losers Starbucks Costa coffee crap You dealin unintelli ent liberals A real person rab coffee family run cafe restaurant They rush You enjoy finely made rushed coffee I ONE Starbucks meetin,negative,0.161,0.753,0.086
I sittin Costa coffee lookin window I reckon mi ht true,positive,0.0,0.741,0.259
Haven bou ht coffee Costa years,neutral,0.0,1.0,0.0
I preferred Costa Coffee anyway Starbucks overrated,neutral,0.0,1.0,0.0
A coffee costa Costa If bou ht one every day comes year avera e FTB deposit London k So yeh abstained coffee Years et deposit Contemptible boomer brain,negative,0.098,0.902,0.0
BOSS COSTA COFFEE,neutral,0.0,1.0,0.0
You apoleptic see rubbish detritus bein left LD even hi h fells My brother law pickin Costa coffee cups summit Helvellyn week It sad inditement society whole,negative,0.11,0.89,0.0
I also deliberate thin I like curate aesthetics represent person Knowin person details Why would rather drink decaffeinated coffee choose jam butter visit Starbucks Costa,positive,0.0,0.898,0.102
Always ood idea cup coffee,neutral,0.0,1.0,0.0
Me millennial barista Costa Coffee tells watch coronation kin really thin,neutral,0.0,1.0,0.0
Costa Coffee launches new food drinks menu time summer,neutral,0.0,1.0,0.0
I prefer French Italian Spanish coffee shops know make serve properly,neutral,0.0,1.0,0.0
I Costa,neutral,0.0,1.0,0.0
Costa far better coffee Starbucks,positive,0.0,0.58,0.42
For I ahead I es Hate coffee I irl,negative,0.425,0.575,0.0
Sack ever identify customer service priority Costa coffee,neutral,0.0,1.0,0.0
Monday mornin ot little better Flat White one scrumptious pastries How startin Monday,positive,0.0,0.658,0.342
I doin years I even Costa either I prefer real coffee,neutral,0.0,1.0,0.0
A new Starbucks opened near work pre established Costa Coffee shop empty,negative,0.153,0.847,0.0
Freebie Alert Free Can Costa Coffee Latte You et free Latte Gin erbread Latte Vanilla Latte Caramel Latte,positive,0.0,0.547,0.453
I prefer Costa Coffee,neutral,0.0,1.0,0.0
COSTA COFFEE,neutral,0.0,1.0,0.0
Last time I used public char er I recon sometime costa car park wanted coffee anyway,neutral,0.0,1.0,0.0
Tassimo Costa Americano Coffee Pods Packs Drinks,neutral,0.0,1.0,0.0
Pay taxes first Starbucks sell quality coffee Costa dont need moral lecture,negative,0.113,0.887,0.0
COSTA Coffee,neutral,0.0,1.0,0.0
hopefully costa coffee sia le independent cafes hartamas,positive,0.0,0.722,0.278
costa coffee,neutral,0.0,1.0,0.0
Tassimo Costa Latte Coffee Pods Packs Drinks,neutral,0.0,1.0,0.0
Costa continued expand ready drink business Chinese market enhancin innovations stren thenin supply chain collaborations It developed hi h end ready drink products like coconut flavored coffee coconut oolon li ht milk tea,positive,0.0,0.741,0.259
Lmao YES Go small independent coffee tea shops The stuff I trust Costa peace iced reen tea,positive,0.0,0.459,0.541
It way overnment money oin food vendors Costa coffee,neutral,0.0,1.0,0.0
Costa Coffee launches new summer food drinks menu,neutral,0.0,1.0,0.0
COSTA COFFEE,neutral,0.0,1.0,0.0
Midday snack Costa Coffee Keynsham,neutral,0.0,1.0,0.0
TIMECOSTA COFFEE,neutral,0.0,1.0,0.0
costa coffee pods shite conned,neutral,0.0,1.0,0.0
Eek sorry horrible Usually driven someone French bulldo ankle len th puffa jacket immediately discards Costa coffee cup round,negative,0.298,0.702,0.0
ON COSTA COFFEE,neutral,0.0,1.0,0.0
costa Coffee shop like starbucks kinda,positive,0.0,0.667,0.333
Costa Rican Peaberry coffee Seven weeks sin le ori,negative,0.31,0.69,0.0
I quite like costa round coffee decent coffee shops sell thier,positive,0.0,0.763,0.237
,neutral,0.0,0.0,0.0
Grab Costa Coffee evenin meal always Lasa ne,neutral,0.0,1.0,0.0
At Silverstone akin names called Costa Coffee Flat White Norris,neutral,0.0,1.0,0.0
Wtorek Zote Tarasy Costa Coffee przyjd przy otowany rozmowy,neutral,0.0,1.0,0.0
A lar e Costa coffee fits inside medium cup,neutral,0.0,1.0,0.0
Shame I actively avoid Costa Too expensive take lon prefer use independent coffee shops poss,negative,0.285,0.591,0.124
let cook plz He tryin remember launch costa coffee machine,positive,0.0,0.874,0.126
Don worry I buy coffee It dis ustin Give Costa day,negative,0.244,0.756,0.0
Costa Coffee launches new summer food drinks menu,neutral,0.0,1.0,0.0
Ok Pojutrze Costa Coffee w Zotych Tarasach wieczorem moesz wybra odzin byle po,negative,0.228,0.633,0.139
All ri ht world first coffee Costa Rica bonus points National Theatre cafe,positive,0.0,0.774,0.226
LOL Some women et enou h I know feel cup I two one bou ht Alaska one bou ht Costa Rica dama ed repaired multiple times Coffee tea outside one two cups,positive,0.0,0.888,0.112
Costa Rica best coffee,positive,0.0,0.417,0.583
If fancy mystery ba Costa coffee Gre Morrison etc To ood One mana ers work ot ba Costa closin different toasty cheese sandwiches wrap one sandwich Really ood ba Give,neutral,0.0,1.0,0.0
An initial take rebranded Costa Coffee lo view hypothetical desire brand become hi h end coffee merchant I workin Lo otype Kernin skills somethin I put ether I really like May expand idea soon,positive,0.0,0.77,0.23
There folk wee Costa Coffee shop afternoon,neutral,0.0,1.0,0.0
Costa Coffee launches new summer food drinks menu,neutral,0.0,1.0,0.0
Costa Coconut Coffee,neutral,0.0,1.0,0.0
How To Make A Costa Coffee Toblerone Hot Chocolate At Home,neutral,0.0,1.0,0.0
Nice touch han cure Costa coffee,positive,0.0,0.641,0.359
Bi er crowds costa coffee,neutral,0.0,1.0,0.0
I carried coffee home Costa impressive Penny Mordaunt carryin sword ar uably impressive since Tory thus automatically loses points,positive,0.096,0.628,0.276
Everythin uys nowadays ick buys coffee starbucks instead Costa Goes ym pm instead pm Has Audi instead Mercedes Eats breakfast Mi ht aswell stop livin point,negative,0.081,0.919,0.0
next Sorry customers stop coffee brin shoppin You mi ht eat non Costa purchased food ba At least decency witness wron presumin one committed,negative,0.132,0.789,0.079
Costa Coffee launches new summer food drinks menu,neutral,0.0,1.0,0.0
anywhere without someone sayin somethin Wi Gettin served Costa Coffee I told someone drawn somethin awful hat referrin club bad e leave alone say must kind special school,negative,0.271,0.559,0.17
Coffee ood Costa Rica I already addicted caffeine I would end trip,neutral,0.0,1.0,0.0
COSTA DOES WHIPPED COFFEE NOW N ITS SO GOOD,positive,0.0,0.687,0.313
My dad went Tesco shoppin While My mum bi brother David I sat Costa Coffee Antonine Shoppin Centre Cumbernauld Then mum I nosy around T K Maxx Then walked back sit dads car car park Cumbernauld,neutral,0.0,1.0,0.0
traffic li hts near Costa Coffee Basildon Road,neutral,0.0,1.0,0.0
Costa coffee,neutral,0.0,1.0,0.0
costa best coffee idc anyone says starbucks SHIT die hill,negative,0.424,0.36,0.216
COSTA COFFEE,neutral,0.0,1.0,0.0
Well usual Costa Coffee shop one two Costa Coffee places anyway I worry places I ularly places I I start havin panic attacks,negative,0.347,0.573,0.08
Costa Coffee launches new summer food drinks menu,neutral,0.0,1.0,0.0
Costa Coffee launches new summer food drinks menu,neutral,0.0,1.0,0.0
Costa Coffee launches new summer food drinks menu,neutral,0.0,1.0,0.0
TIME COSTA COFFEE,neutral,0.0,1.0,0.0
Costa Coffee launches new summer food drinks menu,neutral,0.0,1.0,0.0
Costa Coffee launches new summer food drinks menu,neutral,0.0,1.0,0.0
Costa Coffee launches new summer food drinks menu,neutral,0.0,1.0,0.0
Summer arrived Costa Coffee new whipped coffee ran e Choose Caramel Vanilla Chocolate,neutral,0.0,1.0,0.0
Costa Coffee launches new summer food drinks menu,neutral,0.0,1.0,0.0
One best mates sta weekend costa site phwoooaaaaar stayin sensible boy weekend someone look ra ta bunch Say Carlin yes coffee,positive,0.0,0.734,0.266
Costa Coffee launches new summer food drinks menu,neutral,0.0,1.0,0.0
Costa makes worst coffee lar e size funny comes two handles basically bucket milk tiny bit coffee flavour,negative,0.186,0.682,0.132
There shop unit sale bottom Quay St erstwhile Costa Coffee If I win lotto next weeks I promise buy open local arts crafts shop never ever breaks even,positive,0.0,0.797,0.203
Costa coffee Drop dm bud,negative,0.344,0.656,0.0
For moment lookin cup I thou ht Costa coffee place Indirana ar,neutral,0.0,1.0,0.0
Enjoyin nice cuppa Costa Coffee headin essential shoppin Always nice havin little break Marty patiently waitin beside,positive,0.0,0.728,0.272
Yeah ood havin Costa coffee sausa e barm recover hahaha,positive,0.0,0.547,0.453
havin mu Coffee would like thank People Costa Rica Coffee addin joy World Thank You God Peace,positive,0.0,0.394,0.606
COSTA COFFEE,neutral,0.0,1.0,0.0
even italian row starbucks costa place like coffee order spiciest et literal latte,positive,0.0,0.828,0.172
So Costa Coffee Black small Americano last Thursday today Staff wa es increased ood However less customers enou h profit one member staff less Simple economics This always worries,positive,0.086,0.768,0.146
A Karen hoverin Costa I mouthful coffee left rapidly ettin cold I clin dear life stop havin table,positive,0.124,0.73,0.146
My home Town If et chance pop entrance hidden away dia onally across Costa Coffee Some reat hobby stuff welcomin If Mick John tell I sent,positive,0.0,0.923,0.077
The thou h nice chill,positive,0.0,0.517,0.483
That ridiculous espresso also coffee usually bloody bad Definitely like hi h st Costa,negative,0.403,0.362,0.235
Bi Chef Takseem Jraba food Costa Caf De Rome Caf coffee Those places fav Tripoli,positive,0.0,0.824,0.176
With profits revenue billion Costa profits billion Why think okay put price coffee p When makin billion profits I endin Costa habit today Dirty stinkin rich folks,positive,0.08,0.526,0.393
They ran e Costa Coffee way vendin machine,neutral,0.0,1.0,0.0
Costa coffee like Costa fortune,positive,0.0,0.615,0.385
COSTA COFFEE,neutral,0.0,1.0,0.0
Drove throu h Newport pm last Wednesday startin Glebelands Costa Coffee near Usk Way M Trede ar Park Rammed cars way I see yet roads solve anythin Newport area,positive,0.0,0.933,0.067
Costa Coffee launched new menu summer food drinks available,positive,0.0,0.842,0.158
HAPPY COSTA COFFEE,positive,0.0,0.351,0.649
If I take costa mu I et coffee cheaper,neutral,0.0,1.0,0.0
My best cup tea likely Guwahati Man I tea drinker well coffee reat years later I still remember As coffee I make ood every day As best Likely also small coffee place Spain near Benamadena costa,positive,0.0,0.741,0.259
COSTA COFFEE,neutral,0.0,1.0,0.0
one particular homeless person outside costa coffee way home kun fu class try buy hot drink sit pet time,negative,0.207,0.793,0.0
Want homestead Costa Rica Let BTC via I ot ya bro How fruit orchard close beach coffee chocolate farm mountains,positive,0.0,0.933,0.067
What fuck wearin dressed look like cross costa coffee weetabix,negative,0.25,0.571,0.179
Landed Warsaw pm They misplaced ba found waitin reat Pawel Sezcezpanik President Polish baseball softball federation Meantime rapped cup Costa coffee ood needed terrible airline coffee Then Kutno,negative,0.139,0.861,0.0
GIGAZINE,neutral,0.0,1.0,0.0
I stopped buyin Starbucks oin Costa Rico visitin coffee plantation Starbucks buys coffee beans They used child labor youn yo pickin beans livin shanties runnin water sewa e,negative,0.071,0.929,0.0
For environmental reasons use k cups Recyclin nearly non existent area Costa Rica We provide oz ba round Costa Rica coffee reservation,neutral,0.0,1.0,0.0
costa coffee summer I come employment arc,neutral,0.0,1.0,0.0
Use Costa app like et bean start first purchase Costa handcrafted drink That halfway towards free one,positive,0.0,0.721,0.279
say real costa coffee tho,neutral,0.0,1.0,0.0
HUNDREDS Costa Rica AMAZON items one place Support channel Coffee shirts chorreadors hoodies calendars much,positive,0.0,0.717,0.283
HUNDREDS Costa Rica AMAZON items one place Support channel Coffee shirts chorreadors hoodies calendars much,positive,0.0,0.717,0.283
So Costa En lish chain based En land Did rab coffee Good ivin En lish company shout mediocre walk independence,positive,0.0,0.868,0.132
CHERRY CEREZA ICED COFFEE World Famous Costa Rica Jaco Top Restaurant OVER DIFFERENT GOURMET BURGERS Ph amp Whatsapp Order Now Or Download Our Apps Android Or Apple,positive,0.0,0.935,0.065
Costa Tequila Continues Innovate Release Premium,positive,0.0,0.61,0.39
Use Costa app like et bean start first purchase Costa handcrafted drink That halfway towards free one,positive,0.0,0.721,0.279
Good evenin Kay We number reat places eat drink COSTA Coffee Patisserie Valerie restaurant inside TJHu hes You see full list Thanks DE Prince Bishops,positive,0.0,0.756,0.244
These coffee bean candies Costa Rica joke Can even make PA announcements without lin,positive,0.0,0.855,0.145
Toldo Malusci Luppi Santos Carnasciali Cois Iachini Tedesco Rui Costa Robbiati Batistuta,neutral,0.0,1.0,0.0
Italian Blend coffee delicious combination Costa Rican coffee offerin smooth Italian Roast richness w complements chocolaty characteristics found French Roast Order Now,positive,0.0,0.734,0.266
Maybe lookin job Costa Coffee,neutral,0.0,1.0,0.0
Gratido A parte dos radecimentos vai em lu ar q entil nos cedeu espao Depois equipas de som ima em e streamin da Jupiter Pxel Smartidiom seus tcnicos e tradutores Ao Sr Amlcar Costa e ao pessoal q nos serviu os coffee breaks,neutral,0.0,1.0,0.0
I tried Costa Coffee new coronation chicken toastie fit kin,positive,0.0,0.762,0.238
It works per person Costa put window coffee cost paid coronation,neutral,0.0,1.0,0.0
Same travel rechar e Pre COVID I least one international trip Finally years went Costa Rica last year Hittin Panama June Don know amount coffee let relax thou h,positive,0.0,0.896,0.104
Costa Coffee Drive Thru Last chance say plans,positive,0.0,0.778,0.222
Jeeso bou ht small black coffee Costa price went Apparently staff havin say rise minimal Really,neutral,0.0,1.0,0.0
Felt like havin coffee asked older sis wanted one said I said sure said yeah I come home coffee askin mine You said I replied said traitor I back costa ettin coffee,positive,0.0,0.781,0.219
costa coffee middlesbrou h today,neutral,0.0,1.0,0.0
In Costa Rica easily pay coffee Starbucks made coffee Starbucks raised Costa Rica,positive,0.095,0.743,0.162
costa coffee place idk u uk played taylor swift shuffle day,positive,0.111,0.556,0.333
COSTA COFFEE,neutral,0.0,1.0,0.0
Costa Rica,neutral,0.0,1.0,0.0
The Costa coffee outlet Brid end card points system still workin two weeks one toilet still order month food frid e conked I mean C mon,neutral,0.0,1.0,0.0
wonderful friends si n costa invite code FSNR et free beans also free beans YOU cuz I wanna spend zero money coffee xoxoxox,positive,0.0,0.516,0.484
Residents reported poor li htin alleyway Costa Coffee Tilehurst Trian le buyin information Land Re istry I tryin et hold company owns land success yet emailed Costa hopefully info,positive,0.09,0.725,0.186
Marconilo rows coffee beans sells local farmers market Costa Rica He kind proud coffee After tastin et ba Currently enjoyin one delicious cups I ever mornin rain,positive,0.0,0.693,0.307
Costa Rica,neutral,0.0,1.0,0.0
Extrava ant cost monarchy Bin AI says per head A standard Costa Coffee It monarch robbin elected Government Bin AI say,neutral,0.0,1.0,0.0
COSTA COFFEE,neutral,0.0,1.0,0.0
Had Coronation tv covera e back round whilst readin newspaper Then watched minutes realised fuckin class ridden hierarchical nonsense stands makin feel ill Decided coffee Costa,negative,0.193,0.807,0.0
Hey Costa ivin extra beans today If anyone wants et towards free coffee please use invite code reat study sessions,positive,0.0,0.702,0.298
Discover delicious ran e ready drink Costa Coffee creations available wholesale Contact sales fmc tradin,positive,0.0,0.556,0.444
Is costa coffee break,neutral,0.0,1.0,0.0
Filter Kaapi best coffee Then Costa This meh,positive,0.113,0.522,0.365
Costa coffee ochilarkan,neutral,0.0,1.0,0.0
Use Costa app like et bean start first purchase Costa handcrafted drink That halfway towards free one,positive,0.0,0.721,0.279
Costa Coffee enrol staff royal butler school Kin Coronation,neutral,0.0,1.0,0.0
Costa coffee top,positive,0.0,0.526,0.474
It dis ustin I could even use Costa card I et coffee every day innit,neutral,0.0,1.0,0.0
Member Board Directors Costa Coffee,neutral,0.0,1.0,0.0
So far today builders merchant plaster drop site coffee parents costa resealin shower,negative,0.149,0.851,0.0
Very easy actually History littered examples chan es comin throu h peaceful protest country yet Julia et Costa coffee everyone thrown jail,positive,0.076,0.682,0.242
I know fella carryin crown calmly I stress droppin coffee tray Costa,negative,0.214,0.611,0.176
Love app Well si n today I et free beans towards free coffee need et free one These added soon buy st drink beans You si n,positive,0.0,0.54,0.46
J Die Ecke da kenne ich Da links ist Costa Coffee nun,negative,0.281,0.719,0.0
A pleasure mate Fulled buckets coffee Costa Chellaston,positive,0.0,0.619,0.381
Costa worst coffee chain,negative,0.577,0.423,0.0
Ri ht royal news Use Costa app like et bean start first purchase Costa handcrafted drink That halfway towards free one,positive,0.0,0.766,0.234
Well certainly mini ice cream Latte Costa coffee,positive,0.0,0.571,0.429
Italian Blend coffee delicious combination Costa Rican coffee offerin smooth Italian Roast richness w complements chocolaty characteristics found French Roast Order Now,positive,0.0,0.734,0.266
Use Costa app like et bean start first purchase Costa handcrafted drink That halfway towards free one My referral code JYDEC case link work,positive,0.0,0.791,0.209
JOIN US FOR A BIBLE STUDY At Costa Coffee Sea Terminal Tuesday Saturday mornin Call Ni el info,positive,0.0,0.845,0.155
Use Costa app like et bean start first purchase Costa handcrafted drink That halfway towards free one,positive,0.0,0.721,0.279
Anyone called Charles Charlie Charlotte joins Costa app today ets Royal coffee beans et started,neutral,0.0,1.0,0.0
Use Costa app like et bean start first purchase Costa handcrafted drink That halfway towards free one Would anyone like beans towards free coffee Costa,positive,0.0,0.644,0.356
I considered Costa round corner Their coffee better needed caffeine desperately I live East An lia lot independents couple lovely local chains always bit disappointin comin back London,positive,0.08,0.712,0.207
If anyone use costa app si n referral code buy coffee et beans need free one pls,positive,0.0,0.753,0.247
Costa Coffee near venue playin Lady Ga Do What You Want,positive,0.0,0.885,0.115
fxxx milk hot water coffee everyone I spoke piss come Costa ive better deals You cakes priced well,positive,0.124,0.645,0.23
way stop uys sendin emails daily remindin one bean free coffee fully aware I occasionally et Costa I ri ht area durin work daily thin unlike email reminders,positive,0.075,0.814,0.112
When friend messa es tell rainbow coffee cups bet I fallin costa lol I already one yes never many rainbows,positive,0.0,0.633,0.367
FREE GIFT Members apply Police Mutual car insurance quote month qualify free ift The company ivin away e ift card Gre Costa Coffee Sainsbury anyone ets quote May Find,positive,0.0,0.695,0.305
We would like inform Amritsar Airport oin makeover f amp b facility Master concessionaire Facility ready use passen er days Presently Costa Coffee available Snacks amp bevera es Inconvenience caused deeply retted,positive,0.072,0.783,0.145
Costa Starbucks ood sir ask best coffee planet,positive,0.0,0.625,0.375
Just havin coffee pop et roceries tea home roost,neutral,0.0,1.0,0.0
Yet costa Starbucks spend coffee cake Give ower man,neutral,0.0,1.0,0.0
I wonder Costa open I need coffee,neutral,0.0,1.0,0.0
COSTA COFFEE,neutral,0.0,1.0,0.0
There coffee farm Costa Rica makin endless amounts products coffee plant Jelly amp jams lotions amp poultices fuckin tea All capitalists interested seed bean drives infinite productivity forward,positive,0.0,0.909,0.091
COSTA COFFEE food,neutral,0.0,1.0,0.0
,neutral,0.0,0.0,0.0
I Ebar Artisan Coffee Costa Mesa CA,neutral,0.0,1.0,0.0
I miss Costa coffee chipotle bowls boba sabab iflassi,negative,0.186,0.814,0.0
Union Coffee Station presented COSTA,neutral,0.0,1.0,0.0
Welcome back UK I saw team arrive Thursday mornin Heathrow enjoyin costa coffee,positive,0.0,0.786,0.214
Costa Tequila Continues Innovate Release Premium Coffee Liqueur Costa Caf,positive,0.0,0.738,0.262
PR Costa Tequila Continues Innovate Release Premium Coffee Liqueur Costa Caf Link,positive,0.0,0.775,0.225
Hello free coffee Get quick buildin contents insurance quote midni ht May ive Costa Coffee Gift Card Tasty For info visit T amp Cs apply,positive,0.0,0.78,0.22
Sat May Coffee Selections Fort French Roast Toasted Macaroon Scotcharoo Decaf Costa Rican Tarrazu Decaf Chocolate Seduction,neutral,0.0,1.0,0.0
Is Gillian Joseph sittin iant Costa Coffee Cup,neutral,0.0,1.0,0.0
Is prank,neutral,0.0,1.0,0.0
tirando del wifi del costa coffee lo mismo maana ten troyanos en el portatil,neutral,0.0,1.0,0.0
I relate overpriced coffee Costa hospital,neutral,0.0,1.0,0.0
Ppl r sayin chain coffee shops I worked costa aller policy drilled head even tho oat soya lattes super common I ask aller labelled milk ju different milk someone aller ic,positive,0.0,0.874,0.126
MARSHMELLOW ICED COFFEE World Famous Costa Rica Jaco Top Restaurant OVER DIFFERENT GOURMET BURGERS Ph amp Whatsapp Order Now Or Download Our Apps Android Or Apple,positive,0.0,0.933,0.067
The difference Claudine Costa Rica lunch And Costa Coffee Jo,neutral,0.0,1.0,0.0
Check Costa Coffee Mu Cup Latte Cappuccino Flat White Hot Chocolate Tea Bevera e via,neutral,0.0,1.0,0.0
like coffee point auchan also sell costa coffee thin yk,positive,0.0,0.783,0.217
Tweet Satisfy sweet tooth Pancakes amp Berry Compote French Toast Casserole refreshin Fruit Salad Honey Lime Dressin Pair treats li ht roast Kenya medium roast Guatemala li ht roast Costa Rica coffee,positive,0.0,0.833,0.167
I know Costa coffee shops shit,negative,0.474,0.526,0.0
Would far useful usual research overnment spunks money Can also throw Costa coffee never ri ht temperature sometimes wait hours like lava,positive,0.0,0.787,0.213
What kind Madness It Costa employees rushin How heck coffee shop busy place like Victoria Station close early,positive,0.122,0.63,0.248
costa coffee,neutral,0.0,1.0,0.0
We able et options food departure terminal one costa coffee also nothin much offer For beautiful city airport must ood food courts n outlets,positive,0.0,0.849,0.151
Hello free coffee Get quick buildin contents insurance quote midni ht May ive Costa Coffee Gift Card Tasty For info visit T amp Cs apply,positive,0.0,0.78,0.22
I stopped Costa Coffee,negative,0.487,0.513,0.0
FREE GIFT Members apply Police Mutual car insurance quote month qualify free ift The company ivin away e ift card Gre Costa Coffee Sainsbury anyone ets quote May Find,positive,0.0,0.695,0.305
Time coffee,neutral,0.0,1.0,0.0
Costa Coffee revamps strate competition intensifies Indian market,neutral,0.0,1.0,0.0
I tried Costa yet I et coffee shops I think mostly business ones One Is called Hoof one Trio,neutral,0.0,1.0,0.0
Same The coffee shop staple breakfast visits every mornin years I discovered Costa way better brewin capsules Heard term call center ents buys store collectibles Must fad useless fad,positive,0.084,0.716,0.2
costa coffee playin taylor swift son constantly absolutely beautiful,positive,0.0,0.539,0.461
Jealous The wife I talkin havin mornin coffee would doin retired Costa Rica I told I would outside checkin man oes bananas fruits etc oats Opened Twitter feed pic,negative,0.107,0.893,0.0
Check completes construction drive thru Minworth Click read,neutral,0.0,1.0,0.0
NO COFFEE NO WORKEE Aya Aya,negative,0.595,0.405,0.0
Out mum auntie uncle afternoon coffee I never decline Costa Their new blueberry bubble frapps delicious,positive,0.0,0.791,0.209
costa havin cheeky coffee xx,neutral,0.0,1.0,0.0
And yet happy us show QR codes pub restaurant back heady days Covid Nonsense They wanted us ive names addresses Costa Coffee The hypocrisy mind blowin Are stupid see contradiction,negative,0.214,0.688,0.098
Burst Summer Costa Coffee bubble drink ran e Introducin refreshin Blueberry Bubble Frapp Man Berry Bubble Tea menu Tropical Man Bubble Frapp makin comeback summer,neutral,0.0,1.0,0.0
Costa Coffee aussi amp MAIS QU EST CE QUI SE PASSE DANS CE PAYS DE MERDE,neutral,0.0,1.0,0.0
The exact location bein ver es opposite Costa Coffee near Ocean Retail Park borderin Moneyfields Allotments A lot mower happy overkill literally,positive,0.0,0.844,0.156
opened doors White River Place followin refurbishment store They look forward welcomin new revitalised space,neutral,0.0,1.0,0.0
Costa Coffee run Devyani International India explorin multiple ways attract millennial Gen Z customers competition country coffee chain market intensifies,positive,0.0,0.878,0.122
su estion empty extra lar e costa coffee container lid towel cover plastic ba carry prayin mercy chantin drink contents cup tea mornin,positive,0.074,0.823,0.103
Will sell well Millennials afford mort e thinks coffee comes Costa ilk,positive,0.0,0.826,0.174
Does anyone know Costa Coffee decided decorate walls raw steaks,neutral,0.0,1.0,0.0
The Charity Shop May Bank Holiday hours Monday May Monday May pm Saturday Sunday pm Costa Coffee machine available hours day normal,positive,0.0,0.784,0.216
Thank funny enou h Costa havin coffee half,positive,0.0,0.481,0.519
Coffee played inte ral part Costa Rican culture source national pride Unfortunately coffee industry country facin numerous challen es includin impacts climate chan e,positive,0.088,0.735,0.176
Wow I bi Costa flat white fan increase yet price takin coffee moved luxury item ran e alon Heinz ketchup I cut back often I buy invest coffee machine home,positive,0.065,0.677,0.258
Have tried Coronation Chicken Toastie yet Be quick available st May,neutral,0.0,1.0,0.0
Have tried Coronation Chicken Toastie yet Be quick available st May,neutral,0.0,1.0,0.0
Costa cold lids literally worst way funeral ot coffee,negative,0.485,0.515,0.0
How secondary school kids startin day coffee I seein queue outside Costa full year olds In kickers,neutral,0.0,1.0,0.0
FREE GIFT Members apply Police Mutual car insurance quote month qualify free ift The company ivin away e ift card Gre Costa Coffee Sainsbury anyone ets quote May Find,positive,0.0,0.695,0.305
Oh also put syrup coffee even ask thanks Costa I wanted sick today like happens often,positive,0.159,0.58,0.261
costa coffee clear,positive,0.0,0.435,0.565
Retail Opportunity Prime Class E unit fitted coffee amp ice cream shop tradin OneSix Located Packhorse Road near Boots amp Costa nearby car parks Fully fitted amp equipped plus business rates discount,positive,0.0,0.915,0.085
What rip COSTA put prices AGAIN medium coffee My days definitely,positive,0.0,0.787,0.213
Costa Express machine coffee act violence,negative,0.451,0.549,0.0
COSTA COFFEE,neutral,0.0,1.0,0.0
Did know We worked variety brands past includin The Coop Costa Coffee A e UK In addition worked local brands Darley Abbey Mills Nelsons Law,neutral,0.0,1.0,0.0
Get quote Police Mutual Car Insurance May rab treat us Choose e ift card one Sainsbury Gre Costa Coffee Find,positive,0.0,0.87,0.13
Developers withdrawn plannin application without explanation,neutral,0.0,1.0,0.0
I love coffee stand McDonald bein better Costa coffee,positive,0.0,0.458,0.542
COSTA COFFEE FLAT WHITE,neutral,0.0,1.0,0.0
We ot Costa work I oin little coffee shop xx,neutral,0.0,1.0,0.0
Jeez Well done tho coffee sounds ood x Costa,positive,0.0,0.769,0.231
Costa Coffee prepares lobal expansion bu bounty pro ram,neutral,0.0,1.0,0.0
The recent surprise price hike means visit Costa Coffee soon every day event rather part routine Bad choice Costa,negative,0.155,0.752,0.093
Redakcyjna Mazda mwi e kawa z Costa Coffee jest najlepsza eKuraTwojaMa ToTerazZmyj,neutral,0.0,1.0,0.0
It must Brin,neutral,0.0,1.0,0.0
Costa Coconut Coffee Tea x Chen Feiwan PH GO LSF DOO Until OOS DOP PAYO Bal PH arrival Normal wts lfb ph,neutral,0.0,1.0,0.0
Costa Coconut Coffee Tea Zhou Ye PH GO LSF Pick bottles coffee tea DOO Until OOS DOP PAYO Bal PH arrival Normal wts lfb ph,neutral,0.0,1.0,0.0
coop costa coffee fucked hours later fuck vanilla latte I shittin bad,negative,0.588,0.412,0.0
appointed brand ambassador COSTA COFFEE,neutral,0.0,1.0,0.0
Gif thread Yezi Costa Coffee commercial Always love watchin Zhou Ye brand commercials She always looks fresh modern vibrant,positive,0.0,0.618,0.382
Costa NO COFFEE NO WORKEE MAP,negative,0.595,0.405,0.0
new Costa Coffee brand ambassador,neutral,0.0,1.0,0.0
,neutral,0.0,0.0,0.0
Quality coffee also seasonal knowin season helps reduce risk ettin sweep ba old beans swept floor Coffee Costa Rica harvested time coffee Ethiopia,positive,0.082,0.817,0.101
COSTA COFFEE COSTA COFFEE,neutral,0.0,1.0,0.0
I still set coffee mu hand made salsa plate I tau ht Contra Costa Colle e I also ot chocolate eaten lon time,positive,0.0,0.849,0.151
COSTA COFFEE,neutral,0.0,1.0,0.0
Former Costa Coffee India chief executive Tarun Jain replaced Navin Gurnaney new CEO coffee chain India reports,neutral,0.0,1.0,0.0
International Customer Service amp Export Operations Mana er Costa Coffee Join team International Customer Service Export Oper,positive,0.0,0.879,0.121
GIGAZINE,neutral,0.0,1.0,0.0
COSTA COFFEE,neutral,0.0,1.0,0.0
I sure person nothin The state Costa Coffee rammed immi rants desi ner hairstyles latest mobile phones,neutral,0.124,0.753,0.124
As competition India coffee chain market heats Coca Cola explorin various ways drive business tar etin millennial Gen Z consumers reports,neutral,0.0,1.0,0.0
Enter raffle et chance win Coffee amp Chocolate Fiesta Pack delicious unique selection locally sourced coffee chocolates Be sure leave us business card follow see Make appointment us,positive,0.031,0.577,0.391
Coffee view nice breeze today Costa Rica,positive,0.0,0.682,0.318
No thank Tom Seems like lifetime meet first time costa coffee An excellent first season non lea ue improved every week I watch pro ress interest,positive,0.061,0.528,0.411
Costa Coffee,neutral,0.0,1.0,0.0
PEANUT BUTTER ICED COFFEE World Famous Costa Rica Jaco Top Restaurant OVER DIFFERENT GOURMET BURGERS Ph amp Whatsapp Order Now Or Download Our Apps Android Or Apple,positive,0.0,0.935,0.065
Tarun Jain ex CEO Costa Coffee COO Nando takes CEO Tim Hortons India Tims rowth unstoppable new stores worldwide latte stores per day,negative,0.076,0.924,0.0
es q ya es q le estn mandando un costa coffee hybe que ya es sketchy de todas formas ta es q estas metiendo su direccin EN LA QUE VIVE que quiero ni ima inarme como ni por que sabes cual es en una web random para comprarle una caja de nu ets del mcdonalds,neutral,0.0,1.0,0.0
Costa Coffee Drive Thru Mecca,neutral,0.0,1.0,0.0
Costa coffee crime thou h,negative,0.538,0.462,0.0
If I oin st class I wantin somethin better Costa coffee machine paper cup,positive,0.0,0.791,0.209
Join us coffee journalin Coffee Nature Costa Mesa person Homework Halftime Wednesday Attendees receive discount coffee amp pastries receive journal packet flow room For information RSVP visit link bio,positive,0.0,0.927,0.073
Excited share latest addition shop coffee bean ancient beads handmade earrin costa rica coffeehouse chic let coffee,positive,0.0,0.676,0.324
Saw one Dublin mornin rider havin coffee Costa relaxin little bit sun,positive,0.0,0.803,0.197
Spent minutes Starbucks drinkin coffee amp catchin writin Apart maybe Waterstones even library Starbucks amp Costa Coffee always choice writin outside home If I mix coffee writin I happy,positive,0.0,0.875,0.125
You one sip away ood mood What Costa Coffee order,neutral,0.0,1.0,0.0
Based Costa They best coffee deny,positive,0.226,0.377,0.396
Plans Costa Coffee Popeye Chicken drive thrus Glenrothes scrapped,neutral,0.0,1.0,0.0
COSTA COFFEE,neutral,0.0,1.0,0.0
I order iced coffee little ice everyday No sweetener milk etc My mornin Starbucks ets basically hands I walk Every Starbucks et When I Scotland Costa never ri ht Just coffee cup,negative,0.065,0.935,0.0
Tarun Jain ex CEO Costa Coffee COO Nando joins Tim Hortons CEO India team So excited see expansion I oin India next year hopefully I visit one Tims opened new stores worldwide quarter per day QSR,positive,0.0,0.856,0.144
In explore selected Costa Coffee workin ether mana e seamless deployment secure hi h performance Costa sites across UK Read full case study,positive,0.0,0.893,0.107
Costa Coffee,neutral,0.0,1.0,0.0
Costa Rica FTW last month Spectacular We apartments hotels moved around volcanoes rainforest coffee plantations beach,positive,0.0,0.801,0.199
COSTA COFFEE,neutral,0.0,1.0,0.0
The costa coffee,neutral,0.0,1.0,0.0
costa coffee open arrivals Tuesday closed Not first time I found closed either,neutral,0.0,1.0,0.0
Contact session th May Cancelled held Costa Coffee Beckenham tomorrow alon Copers Cope team via,negative,0.125,0.875,0.0
Ordered new drink costa woman said never made one excited made wron made second I heart tell missed coffee twice sweet excited I hope ood day,positive,0.201,0.61,0.189
BredecDi italDriven Costa Coffee revamps strate competition intensifies Indian market Mint Mint inquiry,neutral,0.0,1.0,0.0
It rare find artistic enius doorstep pencil illustrations breathtakin ly brilliant Millie works Costa badly dressed coffee addict currently sat I think jud lon,positive,0.102,0.656,0.243
Costa Coffee Bothwell Street saviour lotsa love u,positive,0.0,0.588,0.412
Hi Chris I hope one oes well Lovely read newsletter We Merry Hill I et free Costa Coffee points Have ood afternoon,positive,0.0,0.49,0.51
Hope better value fans account sits naked drinkin Costa coffee,positive,0.0,0.461,0.539
Remember face Will doin Costa Coffee Starbucks next week curtesy U K taxpayers,neutral,0.0,1.0,0.0
ahhh takes back costa coffee days There reason I work customer facin roles anymore The ba body parts ettin bit heavy throw industrial bin back,neutral,0.0,1.0,0.0
Costa coffee definitely bottom tier lot,positive,0.0,0.649,0.351
It none business oin uni anyway In case private school Why force us allowed NHS We mi ht payin loads tax afford ri ht allowed costa coffee Netflix,neutral,0.0,1.0,0.0
The day realise Costa coffee machines included meal deal drink ame chan er,neutral,0.0,1.0,0.0
Costa Coffee puttin price coffee p villain ori story,negative,0.34,0.66,0.0
Have tried Coronation Chicken Toastie yet Be quick available st May,neutral,0.0,1.0,0.0
Hi system I purchased first coffee reusable cup Costa Club app beans mornin I told hold onto receipt would put beans via customer service My second coffee later mornin added fine Thanks,positive,0.0,0.856,0.144
There Costa Coffee drive thru weird town planners allow whilst simultaneously campai nin reduce traffic,positive,0.102,0.783,0.114
When mix coffee dark side force one best posts IPN days mana Costa Coffee Mat Force Be,positive,0.0,0.792,0.208
One shot espresso please Workin Costa coffee mornin I chan e work settin frequently I find new environments brin new ideas new ideas brin new results Chan e space people life often lon lastin results,positive,0.0,0.929,0.071
Welcome Costa del Bow It quite California sunshine uaranteed lovely terrace Start coffee stay wine,positive,0.0,0.539,0.461
Hi Check reward coffee Costa Coffee Food,positive,0.0,0.619,0.381
GW COSTA COFFEE,neutral,0.0,1.0,0.0
Tarun Jain replaces Navin Gurnaney Tim Horton India CEO CMP INR DMA w HL TTM price cn,neutral,0.0,1.0,0.0
Tarun Jain replaces Navin Gurnaney Tim Horton India CEO,neutral,0.0,1.0,0.0
Hi Pete Our overni ht facilities limited security Departure Loun e opens However find Boots WHSmith M amp S Costa Coffee open around clock Arrivals Hall Thank,positive,0.068,0.755,0.176
Our Costa Coffee menu updated new drinks Which drink try,neutral,0.0,1.0,0.0
Did say may et drive throu h costa coffee thou h,neutral,0.0,1.0,0.0
Costa devil ets coffee,negative,0.595,0.405,0.0
Lovin beanba back Van Costa coffee sittin sun maintain heat outstandin S Maj,neutral,0.0,1.0,0.0
The Starbucks Americano Mornin coffee kick keep oin The Costa Latte combo wait afternoon,neutral,0.0,1.0,0.0
We ree Andrew Our favourite coffee En land Costa similar Starbucks Hooms never much liked sort coffee served Diners refilled much wanted trips see family Maine rather weak like hotel coffee often UK X,negative,0.139,0.795,0.066
Drink Costa Rica Bi est Cup Coffee within Min amp win USD The Coffee Challen e Free A Gold Colored Medal You Coffee Drinkin Le ends Hall Fame Ph amp Whatsapp Or Apps Android Apple,positive,0.0,0.689,0.311
The millennial barista Costa Coffee make proper fat white STALIN,neutral,0.0,1.0,0.0
There shame coffee I think anythin profound,negative,0.383,0.617,0.0
Your coffee shite sunny boy Costa li ht years better You sha Gerald Ratner,positive,0.0,0.678,0.322
Also available Vauxhall Station althou h Costa Coffee kiosk sells Ginsters version,neutral,0.0,1.0,0.0
Costa Rican coffee experience miss Learn taste best coffee flavors Coffee Tastin,positive,0.101,0.633,0.266
Please think local traders increased traffic air pollution cars queuin drive throu h entitled eneration round drive hu e x et branded coffee,positive,0.0,0.723,0.277
Due stealth advertisin Costa Coffee,negative,0.245,0.755,0.0
Tomorrow May th I open mic Coffee Bar alon side poets like Friday May th authors ni ht I,positive,0.0,0.865,0.135
Coffee solution life problems Costa Coffee Merchants Quay,negative,0.245,0.545,0.209
That walk hotel brid e studios et brid e A couple restaurants like costa coffee really shoppin area need Manchester City centre,positive,0.0,0.878,0.122
please confirm still et free cake pastry azura et Costa coffee And part ultimate drinks packa e I find answer faq Tia,positive,0.0,0.656,0.344
Come next GE Kevin likely oin workin coffee shop day doin dram ni ht We start callin Kevin Costa Can wait see star Wankerworld,neutral,0.0,1.0,0.0
I feel drive see Norfolk countryside ive way Costa Coffee MacDonalds I want support local business I want brave Broadland Northway,positive,0.0,0.617,0.383
Winster Court arden comin Trip Home Bar ins arden stuff Costa Coffee refreshments Thankyou Jim cuttin rass,neutral,0.0,1.0,0.0
Costa Coffee near area Mumbai closed Really ood coffee hi hest caffeine content,neutral,0.0,1.0,0.0
Plans brin drive thru Costa Coffee Popeye Chicken town pulled,neutral,0.0,1.0,0.0
May Mid term Al aber Costa coffee house,neutral,0.0,1.0,0.0
We deli hted welcomin franchise roup companies We several Costa Coffee Barista Barista Maestro positions available well seasonal roles waterpark amp caterin,positive,0.0,0.909,0.091
Nothin like Starbucks Costa could et somethin called frothy coffee Yo hurt appeared around I lived scared eat Cheese came sorts red amp white There TV channels broadcast durin evenin,negative,0.181,0.747,0.072
Costa coffee bradford,neutral,0.0,1.0,0.0
Amelia nearby Costa coffee enjoy coffee brands ood evenin,positive,0.0,0.714,0.286
This fact TERFS hu e Ran ers also think Costa Coffee ood,neutral,0.0,1.0,0.0
Whenever opportunity arises option commercial coffee always appeal variety reasons I talkin Starbucks Costa et al Just ive piece flask middle nowhere I happy Larry,negative,0.112,0.784,0.104
Hey Starbucks amp Costa If oin name drinks stupid lan ua e roll eyes I order litchy litchy yaya yaya mocha latte yaya I want fuckin coffee,negative,0.127,0.824,0.049
Tarun Jain departs Costa Coffee join Tim Hortons India CEO,positive,0.0,0.804,0.196
Here reat article Food amp Wine Ma azine partner Costa Tequila Costa Cafe coffee liqueur made Mexican coffee ets infused Costa Hi Lo tequila Talk delicious,positive,0.0,0.871,0.129
Wait kinda mad secondary school Costa ads sold Costa coffee products last year I year senior year I like brother school sellin However I UK new brand us still fuckin weird,negative,0.143,0.779,0.078
Every time I Weston I Costa et iced coffee purple haired irl works fucks every sin le time,negative,0.324,0.676,0.0
Obli atory coffee pic I come little afield today I since pre pandemic It busier I doin alri ht ish Needed break I hidin Costa bit,neutral,0.0,1.0,0.0
Si ests por el west aunque lo dudo Cabrera Coffee Brew House en Plaza Paseo Costa Verde TOP,positive,0.0,0.87,0.13
Ach das war Costa Coffee da knnte man auch zb zu Starbucks ehen man wei vorher es wird teuer ulr la der mittlere Kaffee mit Karamell auch schon ber aber dann noch der Aufschla hm nee,negative,0.1,0.9,0.0
A e youn Hei ht Shoe size Tattoos Piercin Fave colour reen blue Fave drink Barry tea Costa coffee Music Pro rock Punk New Romantics Vinyl,positive,0.0,0.707,0.293
So stoked One absolute favorite creative eniuses podcast Newest episode fav neuroscientists Perfect way spend mornin sippin fresh costa rican coffee takin plant cuttin nursery Link,positive,0.0,0.585,0.415
Please think local traders increased traffic air pollution cars queuin drive throu h entitled eneration round drive hu e x et branded coffee,positive,0.0,0.723,0.277
Havin little rest walk back home Costa coffee I lovely lunch beautiful day,positive,0.0,0.565,0.435
Edinbur h Costa Coffee shop announces sudden closure note stuck door,negative,0.182,0.818,0.0
Shortlands amp Park Lan ley SNT holdin Cuppa Copper session Wednesday pm pm The venue Costa Coffee Westmoreland Road Everyone welcome whether somethin discuss want meet local police,positive,0.0,0.858,0.142
costa coffee,neutral,0.0,1.0,0.0
lol man aint lyin coffee never round coffee makin plus always bou ht cheap fol ers ot thin like lemme see nei hbor talkin whole bean costa rican blend hooked,positive,0.0,0.841,0.159
Srsly oat costa coffee horrible I still cannot fi ure made decide et thin sell,negative,0.212,0.788,0.0
COSTA COFFEE,neutral,0.0,1.0,0.0
fuck costa coffee massive,negative,0.538,0.462,0.0
Good mornin happy Wednesday This mornin coffee home Costa job search shoppin collect Avon books later,positive,0.0,0.68,0.32
We deli hted welcomin franchise roup companies We several Costa Coffee Barista Barista Maestro positions available well seasonal roles waterpark amp caterin,positive,0.0,0.909,0.091
COSTA COFFEE M L LINE,neutral,0.0,1.0,0.0
Coffee time,neutral,0.0,1.0,0.0
Costa meetin worst Coffee patch Starbucks,negative,0.451,0.549,0.0
Costa Coffee Coca Cola brand increases presence top Indian cities,positive,0.0,0.833,0.167
hello bou ht bottle costa iced coffee one stores separated,neutral,0.0,1.0,0.0
Costa Coffee refreshes brand positionin encoura es consumers express throu h YouxCosta campai n Best Media Info,positive,0.0,0.769,0.231
hi I lost Costa coffee card I et replacement,negative,0.277,0.723,0.0
Can I ask put post Is havin someone drinkin drivin arrested attacked others Costa coffee starbucks And wanted police investi ate abuse towards customers,negative,0.34,0.66,0.0
Plans Costa Coffee Popeye Chicken drive thrus Glenrothes scrapped,neutral,0.0,1.0,0.0
Plans Costa Coffee Popeye Chicken drive thrus Glenrothes scrapped,neutral,0.0,1.0,0.0
Plans Costa Coffee Popeye Chicken drive thrus Glenrothes scrapped,neutral,0.0,1.0,0.0
Makes ry people drink drive dru often et cau ht people like condemn McDonald Costa Coffee puttin drivers risk dru people like I wanted traffic campai n arrest server,negative,0.208,0.645,0.147
Did know Our servery Insta ram pa e eatqecolle e currently runnin poll coffee outlet open new development Are team Costa Coffee team Starbucks,neutral,0.0,1.0,0.0
Starbucks shit coffee We drink costa,negative,0.419,0.581,0.0
Hello free coffee Get quick buildin contents insurance quote midni ht May ive Costa Coffee Gift Card Tasty For info visit T amp Cs apply,positive,0.0,0.78,0.22
Okay first time try Iced Caffe Latte BaskBear Hmmm jek amp ak mild atas sikit dari Costa Coffee Patut tadi beli Gi Coffee jek sebelah dia sebab SIL la suka noo BaskBear ula tu So kita layankan je la,positive,0.0,0.952,0.048
Costa coffee,neutral,0.0,1.0,0.0
Tune What Costa Your Coffee podcast hear stories deserves heard,neutral,0.0,1.0,0.0
Summer come early Costa Coffee,neutral,0.0,1.0,0.0
Have tried coronation chicken toastie Costa Coffee yet Tuck tasty treat quick available limited time,positive,0.108,0.739,0.153
Coca Cola Costa Coffee bets bi India ramp presence top cities,positive,0.0,0.847,0.153
I feel Costa Coffee comin,neutral,0.0,1.0,0.0
Our Outreach Consultant Jane Costa Coffee Lon Eaton tomorrow It monthly Peer Support Group everyone welcome,positive,0.0,0.625,0.375
Oh I fan Costa coffee It pretty flavourless try avoid coffee best I,positive,0.116,0.37,0.513
Costa Coffee bettin bi rampin presence top cities run franchise partner Devyani International plans stren span India presence next three years,positive,0.0,0.917,0.083
The menu launches tomorrow,neutral,0.0,1.0,0.0
Costa Coffee launches new campai n YOUxCOSTA,neutral,0.0,1.0,0.0
Can put Costa Coffee like St Andrews Sq,positive,0.0,0.737,0.263
Baru sin ah tadi beli coffee costa dapat free ift nasik lemak,negative,0.213,0.592,0.195
Costa revealed summer menu launchin week,neutral,0.0,1.0,0.0
Hey That excellent Costa Rica sock It always prepared coffee Do still I know,positive,0.0,0.663,0.337
COSTA COFFEE Gamin,neutral,0.0,1.0,0.0
COSTA COFFEE GW,neutral,0.0,1.0,0.0
Jaipuria dau hter Devyani runs Devyani International operates fast food chains like KFC Pizza Hut Costa Coffee Jaipuria con lomerate RJ Corp involved several sectors healthcare education fast food bevera es,positive,0.0,0.923,0.077
Ah Costa Rican coffee,neutral,0.0,1.0,0.0
Todays lovely chill service I better ppl makin coffees day staff mil ettin daytime irlies bubble tea Rex transferred costa rewards bc I look like I spend much coffee vibe,positive,0.0,0.652,0.348
In Costa Rica coffee farmin job family tradition climate chan e may force coffee producer ive farms,neutral,0.0,1.0,0.0
I think half joked Costa Starbucks takin space At least hintin independent coffee trader installed point,positive,0.0,0.859,0.141
Yes passed away Greenwich Costa Coffee came London offerin fucks kids Man thief bad look They roomed kids Irish Prince Andrew Bonarek rest Polish traffickers,negative,0.297,0.623,0.08
Climate chan e posin severe threat Costa Rica coffee farmers country causin temperature increase erratic rainfall patterns complicatin crop yields plannin,negative,0.237,0.672,0.091
Workin new commercial product photo raphy Today subject sensory overload Exotic Coffee Beans Rainforests Costa Rica Which favourite,negative,0.128,0.872,0.0
I mean clearly bollocks lid already lar e full top Just Costa baristas know doin Lar e actual coffee well,positive,0.0,0.68,0.32
Today Paid pedicure Costa coffee x,neutral,0.0,1.0,0.0
Costa Coffee More like Costa bloody fortune,negative,0.289,0.456,0.255
COCONUT COCO ICED COFFEE JACO BEST ICED COFFEES World Famous Costa Rica OVER DIFFERENT GOURMET BURGERS Ph amp Whatsapp Order Now Or Download Our Apps Android Or Apple,positive,0.0,0.846,0.154
New blo post Sharin experiences amazin Costa Rican coffee,neutral,0.0,1.0,0.0
Anyone local I packet Costa coffee I use I coffee machine Expires end month North Manchester area,neutral,0.0,1.0,0.0
Fresh roasted coffee ba sin le ori ins overflowin roastery inside Sweet Union Brewin This week featurin li ht medium roast Ethiopia Guji medium roast Costa Rica medium dark roast Brazil,positive,0.098,0.759,0.144
But costa coffee,neutral,0.0,1.0,0.0
Yea like Arabica top notch quality black like Costa caramel frappuccino latte black Not real deal still coffee typa black You et,positive,0.0,0.736,0.264
Free coffee costa rewards tomorrowwwwwwwwwww,positive,0.0,0.319,0.681
Yes use last used Saturday Costa Coffee Northwick Park Hospital nr Harrow Smiths,positive,0.0,0.816,0.184
Hello free coffee Get quick buildin contents insurance quote midni ht May ive Costa Coffee Gift Card Tasty For info visit T amp Cs apply,positive,0.0,0.78,0.22
The UK eous Never knew reat time Your COSTA COFFEE lovely place lovely visit,positive,0.0,0.612,0.388
Osias Mendes da Costa Brazillian coffee consultant performs carbon accountin coffee farms believes enerate many jobs comin years,neutral,0.0,1.0,0.0
We meetin Thursday University Centre Costa network social Join us coffee chat mint tea pm late caffeine,positive,0.0,0.879,0.121
Not even coffee toastie Costa example,neutral,0.0,1.0,0.0
COSTA COFFEE,neutral,0.0,1.0,0.0
Thanks Costa Rican coffee Best I ever tasted,positive,0.0,0.413,0.587
Pausa em Manchester num Costa Coffee para trabalhar em comisses especiais,neutral,0.0,1.0,0.0
remember sittin costa coffee listenin first time available always,neutral,0.0,1.0,0.0
First time phone Costa coffee ripley,neutral,0.0,1.0,0.0
Now see Costa coffee lol,positive,0.0,0.588,0.412
encoura es consumers express new campai n The de ree campai n includes OOH print ads di ital social media store consumer journey,neutral,0.0,1.0,0.0
GIGAZINE,neutral,0.0,1.0,0.0
Good afternoon If would like chat local PCSO please come alon today Tesco Costa Coffee Barn Road Con leton Cafe I pm pm No appointment needed pop Look forward seein,positive,0.063,0.716,0.221
I think bein able et kind costa coffee product every minor inconvinience I would killed already,negative,0.226,0.603,0.171
Any Idea starts well coffee,positive,0.0,0.656,0.344
Resident enjoyin Coffee local Costa,neutral,0.0,1.0,0.0
,neutral,0.0,0.0,0.0
Check product Costa Rica LifeWay Coffee Co startin Shop,neutral,0.0,1.0,0.0
Costa Coffee summer menu Full list food drinks comin chain,neutral,0.0,1.0,0.0
Costa Coffee The Avenues Mall Phase th Rin Rd Kuwait,neutral,0.0,1.0,0.0
Why would anyone drink coffee costa It dis ustin,neutral,0.0,1.0,0.0
Costa Coffee encoura es consumers express latest ad,neutral,0.0,1.0,0.0
Costa perfect people like coffee,positive,0.0,0.326,0.674
My Mornin Routine Say GM Drink Costa Rican Coffee Shower Sit computer De en hrs,neutral,0.0,1.0,0.0
From Blueberry Bubble Frapp Grilled Pepper Mozzarella amp Pesto Pizzetta,neutral,0.0,1.0,0.0
Get quote Police Mutual Car Insurance May rab treat us Choose e ift card one Sainsbury Gre Costa Coffee Find,positive,0.0,0.87,0.13
Costa revealed summer menu launchin week,neutral,0.0,1.0,0.0
Cocaine dealer havin coffee Costa,neutral,0.0,1.0,0.0
Thank joinin What Costa Your Coffee podcast seeds planted Mt El U anda cozy lattes Brid e Street Cardiff,positive,0.0,0.865,0.135
I best coffee machine like billion types coffee office think wantin et coffee Costa across street,positive,0.0,0.66,0.34
costa coffee ss,neutral,0.0,1.0,0.0
Just carry flask ffs A jar coffee lar e costa quid Says,negative,0.297,0.703,0.0
COSTA COFFEE GW,neutral,0.0,1.0,0.0
Oi I Costa coffee feels like put somethin ille al I shakin like leaf,positive,0.0,0.667,0.333
Lovely staff helpful friendly Make ood coffee Tesco Sidcup Costa x,positive,0.0,0.417,0.583
This week beans The Hub Coffee Roaster Costa Rica Brin healin chair sip fav drink us,positive,0.0,0.833,0.167
Just week welcome di ital business leaders HSBC The Scouts Mastercard Costa Coffee Financial Ombudsman Citi LNER Royal Navy amp share enterprise di ital transformation insi hts,positive,0.0,0.828,0.172
Costa nicer coffee And cheaper,positive,0.0,0.58,0.42
Make mornin special Copper Coffee Box Coffee Box includes variants Brazil Novo Horizonte Costa Rica Guatemala Blue Ayarza Indonesia Batak,positive,0.0,0.876,0.124
Ground coffee beans The better stuff online supermarkets expensive,positive,0.0,0.734,0.266
Update I ot costa coffee today ot costa sucks,negative,0.263,0.737,0.0
Costa coffee tastes like faeces,positive,0.0,0.615,0.385
I always et say Costa I want coffee size small bath tub,positive,0.0,0.874,0.126
Costa worst coffee ever I always ret,negative,0.451,0.549,0.0
Mmmmm smackyDs breakfast However coffee mediocre best Better Costa still mediocre,positive,0.0,0.559,0.441
In meal deal include cheapest items deal For example I buyin Costa coffee Pepsi p include deal,neutral,0.0,1.0,0.0
I ot kitchen service mornin coffee like business bitch reebok classics power suit I also ot Costa tastes like tepid brown watery poster paint Dirt,negative,0.205,0.629,0.166
Costa coffee hate,negative,0.649,0.351,0.0
Find ordeal ettin two Costa Coffee fair play,positive,0.0,0.561,0.439
Maybe someone bou ht Costa coffee support Never jud e book,positive,0.0,0.769,0.231
PM Coca Cola COSTA COFFEE PET,neutral,0.0,1.0,0.0
Fuckin waitin forever line Costa cunt decided brin kids breakfast It Tuesday mornin let rab coffee ffs,negative,0.318,0.682,0.0
They closed unexpectedly,neutral,0.0,1.0,0.0
Sure costa put ecstacy coffee lmaoo,positive,0.0,0.377,0.623
Costa Coffee Salted Caramel Latte Sachets Drinks,neutral,0.0,1.0,0.0
Reshma turned store studio What waitin Grab colours hit nearest Costa Coffee outlet,neutral,0.0,1.0,0.0
When I return Costa Rica I alwayz ba full coffee lbs ba full cookies amp sweets lbs,positive,0.0,0.814,0.186
And coffee mu pinched Costa Look I make rules either It,neutral,0.0,1.0,0.0
Who love walkin around Liverpool irlfriend D With Costa Coffee D,positive,0.0,0.656,0.344
Sin ah Shell Beli coffee dia Costa,negative,0.375,0.625,0.0
Costa people like weak coffee lar e shot medium want filled top taste coffee If want anythin Costa tastes coffee flat white,positive,0.112,0.62,0.267
Have noticed Costa coffee havin many issues lack staff Even today local Costa closed due sickness Anecdotally somethin franchise owners Many payin less minimum wa e You et loyalty undervalued staff,positive,0.068,0.828,0.104
Food bank rubbish St Geor e see queuin costa coffee,neutral,0.0,1.0,0.0
Non offenderti per quello che sto per scrivere Veramente io non ce l ho con te Non ti conosco mi sono andato uardare la tua bio Io sono del Praticamente siamo coetanei La mia esperienza Londra stata un ostello e sfan armi l affitto con Costa Coffee Tu,negative,0.048,0.952,0.0
Use Costa machine play ame Use medium cup push button lar e coffee works treat,positive,0.0,0.702,0.298
Yes ot feet watchin tv love costa coffee bet nice sittin balcony sat last ni ht havin wine I eaten Easter e I ot nieces dau hter x x,positive,0.0,0.684,0.316
Costa coffee little free whipped cream ies UK,positive,0.0,0.7,0.3
COSTA IS LIKE K FOR COFFEE,positive,0.0,0.615,0.385
parents drink coffee lame ass cappuccinos like Costa overpriced coffee place,negative,0.375,0.476,0.149
TRADITIONAL TRADICIONAL ICED COFFEE World Famous Costa Rica Jaco Top Restaurant OVER DIFFERENT GOURMET BURGERS Ph amp Whatsapp Order Now Or Apps Android Or Apple,positive,0.0,0.93,0.07
,neutral,0.0,0.0,0.0
The Costa Rica Good News Report Enjoy GOOD NEWS mornin coffee,positive,0.0,0.451,0.549
The Costa Rica Good News Report Enjoy GOOD NEWS mornin coffee,positive,0.0,0.451,0.549
The Costa Rica Good News Report Enjoy GOOD NEWS mornin coffee,positive,0.0,0.451,0.549
excited costa baristas developed mind readin capabilities intended say vanilla latte said caramel instead im stupid barista repeats back vanilla confirmation coffee wanted,negative,0.127,0.784,0.09
Welcome April New Members Contra Costa Fitness Deans Co Fairway Independent Mort e Corp Team Alvarado Gratitude Coffee Bar Happy Little Faces Open Mort e Re alos de Dios Inc Remix Racin Smart Heatin Air Conditionin Writin Cherry,positive,0.0,0.677,0.323
Why costa coffee Next Oxford street always full poos pinhead fat arse Somalians Sideshow Bob hair,neutral,0.0,1.0,0.0
All day ride Sunday th May This month day ride led Steve Puckerin Lando Please meet Costa Coffee Marsh Mills Plymouth PL LX candy hero rades ready briefin prompt departure miles,positive,0.0,0.769,0.231
COSTA COFFEE,neutral,0.0,1.0,0.0
Top Coffee ZUS Spanish Latte Tadi aku baran pulak lama tak beli Costa per la ambil Iced Vanilla Latte tp rasa harey benci aku dah la tak berapa murah FIX IT,positive,0.0,0.943,0.057
They closed unexpectedly,neutral,0.0,1.0,0.0
I seen flapjacks even coffee shop sells Costa Coffee missin trick bou ht loads mornin coffee,negative,0.079,0.921,0.0
GIGAZINE,neutral,0.0,1.0,0.0
I understand former Deputy Leader Labour Party The Rt Hon Baron Tom Watson Wyre Forest euthanised last ni ht mistakenly ested twelve salted caramel dou hnuts caused superficial dama e West Bromwich Costa Coffee He,positive,0.061,0.864,0.075
headin costa coffee reader may join,positive,0.0,0.694,0.306
Use Costa app like et bean start first purchase Costa handcrafted drink That halfway towards free one,positive,0.0,0.721,0.279
Volcan Azul Costa Rican coffee added Wasted De rees Volcano stout A lon extraction process enabled coffee impart flavours red apple brown su ar tropical fruit perfect pairin malt amp hops create beer character amp complexity,positive,0.077,0.743,0.18
It takeaway places sell coffee Not Costa,neutral,0.0,1.0,0.0
Exactly Best en e enforcers certain ri ht contest action court Do nothin In case I also tellin Costa coffee would bou ht elsewhere,positive,0.0,0.76,0.24
Got Costa coffee way food help boost Dopamine levels Take lunch usually But assessment month I enterin behind So I need help I et,positive,0.0,0.713,0.287
Ye saya suka Costa Coffee,neutral,0.0,1.0,0.0
Free Costa Drink If love coffee et free one Costa Click GET FREEBIE Let us know works brand new freebies inbox every day,positive,0.0,0.512,0.488
Costa Coffee,neutral,0.0,1.0,0.0
Costa Coffee Shrewsbury shoppin centre iven two five hy iene ratin Shropshire Star,neutral,0.0,1.0,0.0
Havin le Costa Rican breakfast coffee amp tamales,neutral,0.0,1.0,0.0
Costa Rica Palmichal Tarrazu LB Green Unroasted Coffee Beans Arabica Beans Direct Trade NHUYOSQ,neutral,0.0,1.0,0.0
Exclusive interview Costa Rican President Rodri Chaves Video Known coffee idyllic environment Costa Rica ranks hi hly human development happiness indexes What makes Central,positive,0.0,0.812,0.188
Aw Costa coffee,neutral,0.0,1.0,0.0
Any le al twitter buddies help please I private carpark ticket courtesy havin coffee Costa I realised limit hour Are tickets enforceable I told I received debt recovery letter Advice,positive,0.078,0.688,0.234
GIGAZINE,neutral,0.0,1.0,0.0
one ot know costa coffee ot,neutral,0.0,1.0,0.0
This consultant survives coffee Whenever I see drinkin Costa coffee cups hours uff,neutral,0.0,1.0,0.0
GIGAZINE,neutral,0.0,1.0,0.0
Went today buy coffee told Karen backroom amp explode head fiver Bet owd et treatment bein Top Top Top Top Top Top ex footballin celebrity,positive,0.0,0.638,0.362
Coffee always must whether I et sleep lol Currently drinkin erbread latte Costa I remember dreams last ni ht,positive,0.0,0.732,0.268
Niat nak beli costa coffee je bein finest,neutral,0.0,1.0,0.0
Makin final days MP electorate send back workin Costa coffee,neutral,0.0,1.0,0.0
A Costa Coffee store Shrewsbury received two five hy iene ratin told improvement necessary comes cleanliness condition facilities buildin,positive,0.0,0.85,0.15
Kecewa ah dapat costa coffee ive tasted previously Dah ah ten ah cravin c,neutral,0.0,1.0,0.0
Ba wholebean coffee packed oodness hi hest mountain Costa Rica A vi orous complex blend perfect brisk walk lazy afternoon,positive,0.105,0.672,0.223
Ima ine orderin deliveroo Costa et COFFEE Ffs I ive today,negative,0.297,0.703,0.0
Ima ine orderin deliveroo Costa et COFFEE Ffs I ive today,negative,0.297,0.703,0.0
For espresso lover like surprisin thou h Dunkin always way ahead Costa startbuks Gloria Jeans Horton etc whose main product coffee,positive,0.0,0.741,0.259
The Vatican Sq Kilometres hardly room Costa Coffee cinema,neutral,0.0,1.0,0.0
You connected Costa Coffee That ood start day,neutral,0.0,1.0,0.0
Careful lads Costa coffee,positive,0.0,0.652,0.348
Havin coffee better half ready watch She tickets see time round Perfect way spend,positive,0.0,0.547,0.453
coffee must stron costa,neutral,0.0,1.0,0.0
If bored today BH Monday want somethin new join outside Costa Coffee Abin ton Street Northampton pm You able learn new skills takin photos phone camera meet new photo raphers creators etc,positive,0.061,0.838,0.101
